feature1,feature2,feature3,target
0.496714,-0.138264,0.647689,0
1.523030,-0.234153,-0.234137,1
-0.234137,1.579213,0.767435,0
-0.469474,0.542560,-0.463418,1
-0.465730,0.241962,-1.913280,0
-1.724918,-0.562288,-1.012831,1
0.314247,-0.908024,-1.412304,0
1.465649,-0.225776,0.067528,1
-0.544383,0.110923,-1.150994,0
0.375698,-0.600639,-0.291694,1 